Sarcastic Sentences,Labels
Carnival Sinks Cruise Ship Rather Than Letting It Fall Into Coronavirus’ Clutches,1
Trump Celebrates New Hospital Opening With Oxygen Tube-Cutting Ceremony,1
Real New Yorker Folds Slice Of Cheesecake In Half Before Eating,1
Army Guy Wears Glasses,1
Blowing out someone else's candle does not make yours shine any brighter,1
The awkward moment when your mother reminds you of annabelle,1
"old people at wedding always poked me and said ""you are next"".. so i started doing the same to them at funerals.",1
you ever have a poop so big that it feels kinda gay,1
"Gay freind asked for directions, told him to go straight",1
whats the difference between jesus and a picture of jesus ? You can hang the picture with only one hand,1
"I tried to put myself in your shoes, but they were cheap and ugly just like you",1
I’m sorry you were offended when I called you a hoe. I didn’t know it was a secret.,1
Your birth certificate is an apology letter from durex.,1
"I would love to insult you, but I’m afraid I won’t do as well as your own genetics.",1
"You are like the first piece of bread, everybody touches you but no one wants you.",1
"When your parents dropped you off at pre school, they were arrested for littering.",1
"You’re so ugly, when you were born your mom said “What a treasure” and your dad said “Lets go bury it!”",1
Yo Mama’s so ugly that your father takes her to work with him so that he doesn’t have to kiss her goodbye.,1
"If i had a face like you, i'd sue my parents",1
"you must have been born on a highway, coz thats where most accidents happen",1
when you were born the doctor threw you out of the window and the window threw you back,1
"I will probably hang myself, if you ever get a girl in your life ",1
At least you found a hobby of spreading something other than your legs,1
"Oh you are 5'4 is it? Thats the least bottom a man can hit ,Lol.",1
you are so dark that even the new moon night appears brighter than you.,1
Pregnant Woman Finally Knows Joy Of What It Feels Like To Be Big Fat Guy,1
"Looking at some people, i wonder if this was the sperm that won, how crappy could the others be?",1
why dont you check ebay and check if they have life for sale ,1
"Looking at the size of you, i am surprised you got such a beautiful wife. Did you woo her with money or size of your thing?",1
"somone told me i smile like you, i dont know whether i should take 1000 selfies  or put a gun in your mouth.",1
I have an underwear for every shades of your mothers lipstick ,1
"omg! you are so unique, by looking at your face i feel you are trying to squeeze a fart out without it making any noise.",1
You would be next rahul gandhi. If rahul gandhi is the worst politician ever. ,1
"You have a Mathew Perry syndorme, a sarcastic loser with a big head.",1
"How old is Bob Newhart now, about 120?",1
"I hope you all have a great weekend, you too Lisa Kudrow, fuck you!",1
"Keep behaving like this, one day the world will be your lesbian wedding.",1
"Somebody is afraid of competition with the ladies ? not to worry, because ""someone"" himself is ladies",1
"A moment on the lips, forever on the hips",1
you would have been more happy if you'd swallowed while sex than having this shit ?,1
If ignorance is bliss then you're the happiest person on earth,1
"I coudnt help noticing that ""awesome"" ends with ""ME"" and ""ugly"" starts with ""U""",1
"Some people are like Slinkies … not really good for anything, but you can’t help smiling when you see one tumble down the stairs.",1
Light travels faster than sound. This is why some people appear bright until they speak.,1
Tell me… Is being stupid a profession or are you just gifted?,1
You go girl! And don’t come back.,1
Well aren’t you a waste of two billion years of evolution.,1
"I am busy right now, can I ignore you some other time?",1
"""new movie taps into nation's love of rapping kangaroos""",1
"That is the ugliest top Ive ever seen, yet it compliments your face perfectly.",1
god humbled to be the answer to 'jeopardy!,1
Well my imaginary friend thinks you have serious mental problems,1
modern-day lancelot offers to pay for abortion,1
trump retweets video from anti-muslim hate group,1
"I’m not listening, but keep talking. I enjoy the way your voice makes my ears bleed.",1
mark zuckerberg cited for contempt of congress after refusing to shut the fuck up about how he started company in dorm room,1
purina debuts new 'slovenly feast' for nasty-ass shelter cats,1
"I’ll try being nicer, if you try being smarter.",1
podcasts a cry for help,1
Look at you your in perfect shape……………for a circle,1
Are you really stupid or you are just pretending?,1
rest of evening spent declaring asshole not going to ruin evening,1
I thought I had seen the pinnacle of stupid… Then I met you.,1
well someone thinks she's nice ,1
"""narcissist mentally undresses self""",1
"""parents formally announce transfer of expectations to second child""",1
"""taylor swift now dating watertown boat",1
"Life’s good,just that you should get one",1
I became so religious so that I could pray for you to burn in hell.,1
"woman longs for caress of boyfriend's dry, cracked, bleeding hands",1
"Ugliness can be fixed, they say maybe they have not met you ",1
stupidity is forever.so dont get your hopes up ,1
researchers find that spanking your children is incredibly fun,1
ipod made by chinese children to benefit african children,1
ice agents feeling a little hurt that trump doesn't think they're doing enough to terrorize Hispanics,1
study finds not acting like total fucking moron most attractive quality in potential mate,1
chris brown's agent suggests suicide could be great career move,1
Looks are only skin deep but ugly goes right to the bone.,1
It’s not that they’re ugly. It’s just that everybody else is better looking.,1
Don’t worry you’re not as dumb as you look. just more ,1
You must be really clever to act so stupid all the time.,1
You’re pretty… See I can be funny too.,1
"Just in case you haven’t noticed, you are ugly both mentally and physically. Other than that? You are totally fine!",1
"You’re in shape, bearing in mind that ’round’ is a shape…",1
You’d make the perfect blueprints to build an idiot!,1
I let you know when you'll start to become smart….Check back in about zero years.,1
"Yeah, those kids who can't eat peanuts without dying or milk without diarrhea, or the rare kid who can't eat gluten without other problems, they should just stay at home like they deserve.",1
"I mean, with the great intelligence you fucking pieces of shit have, you will definitely get it.",1
"Oh, but didn't you know, being in a relationship means you totally have to just put up with their broke dumb ass being a broke ass all the time?",1
"Yeah right, Hillary Clinton is a fucking saint",1
"She should just get out of the way so the spoiled, corrupt, tax-dodging, draft-dodging, groping, lying, alleged child rapist can be president.",1
"Yeah dude, just approach random people from your college like a fucking idiot, after all that's how relationships are formed.",1
"yeah, god forbid jesse look out for his fans by removing an abusive asshole who was disturbing the experience for the rest of the crowd.",1
NASA wastes billions of taxpayer dollars on throwing lavish parties for the fucking billionaires... news at 11!,1
Of course we love lazy customers without their dumb ass we would have nothing to do,1
The only way to fix these issues is to make the fucking American government even bigger!,1
"BECAUSE IT'S IMPORTANT THAT EVERYONE KNOWS THE STATUS OF YOUR SEXUALITY, GENDER, RACE, IDENTITY REGARDLESS OF THE TYPE OF PERSON YOU ARE DUH",1
Signs OP is a virgin.. So its obvious he would know the vagina is internal,1
"Knowledge is sooo boring, right! Only a smarty pants like you would know.",1
"even aside from the blatant misogyny, this is great because we have so much space in our prisons!",1
"It's like he's saying we're entering a post gender society with HRC, just like we've become a post-racial society with Obama.",1
Killary Shillton must obviously be controlling you using her body double,1
It is pretty racist to want people to prove who they are tbh.,1
"Yeah, totally can't wait for these cunts to start posting GIFs and quotes directly from the episodes without any humor or value added whatsoever!",1
You are conducting message-rape.,1
Yeah like I totally would be able to concentrate on killing her with her cleavage in my face.,1
"You know, *in some countries*, women with two sets of breasts are revered.",1
"And by posting this speculation on Reddit, you've blown the operation out of the water because all Jihadis use Reddit.",1
Why is it always the ugly bitches that think they deserve the best type of man society has to offer?,1
"fuck off to woolwich with your politeness, scum",1
"Bashing someone's ideas without providing reasoning or alternatives is always welcomed, you anorexic junkie chic whore",1
"As an American, I expect everybody else to be stupid, talk funny, run the maps incorrectly, and be hacking.",1
"Well of course, there's no boobs or feminine butts, so nothing to be sexualized.",1
"Naw, it's not that he cares, he just wants attention...just like Rachel for having been raped, amirite?",1
That's why facts and figures are so fucking oppressive and have no place in a feminist friendly society!,1
"Well OBVIOUSLY it's because they have CORRECT NARRATIVE mate, stop being such a fucking Russian Bot",1
"No, your kids are supposed to get a lower education in order to cater to the immigrant kids who are only there because their countries can't get their dumb shit together.",1
So racist that one of their major speakers on social media is a black male.,1
"Chicks dig big guys, not skinny sticks who aren't loyal.",1
"yeah like totally, men have personalities and are full persons whereas females are just sex vending machines who are suppose to accept niceness tokens in exchange for sexy times.",1
"I bet if they had more guns, the death rates would be much lower",1
"Fucking muslims, obviously are right, with their free Sharia law.",1
Must be real fun to be at those barracks and killing other people and dying!,1
"Your parents must be proud, censoring swearing on the internet n' shit.haha, also, lets not care at all about teams and its players, f..k esports",1
Because obviously an adaptation that skips like 200 chapters and looks like a fucking piece of shit is a good one. some amazing choices you have there mate,1
were you thrown against the wall as a baby? You look like that dumbo,1
"Well technically reddit is a private interface that allows their users to do as they please in terms of censorship, and reddit also has the right to censor their fucking users- but yeah I appreciate being looked down and bitched upon just because I support Trump.Gotta love all that free speech eh",1
Thank you to fucker George W. Bush and Dick Cheney for bringing peace and stability to the Middle East!,1
"They have the vagina, what more do they need to be a good partner?",1
"No, as has been explained many times here before, catcalling is just random guys showing genuine interest in you and you should be grateful some guy twice your age wants to """"stick something inside your cunt"". such a whore",1
"Man, just let the woman live her life you insensitive prick. Way to ruin her day and make her feel more miserable about her own existence while you go home to you mom's house and jack off to shit on the internet.",1
I'd rather be punched in the testicles than look at your face ,1
"psh, it's not sexist if it's a WOMAN doing it, don't you know anything bitch?",1
"I don’t believe in plastic surgery. But in your case, please go ahead cause I can't bear to look at your bitch face.",1
Are you always so fuckin stupid or is today a special ocassion?,1
"I’m not saying I really hate you, what I’m saying is that you are literally the Monday of my life.",1
"I’m sorry I hurt your feelings when I called you stupid. I really thought you already knew, you dumb shit.",1
"I never forget a face, but in your case, I’ll be glad to make an exception looking at your awful face.",1
"Let’s share… You’ll take the grenade, I’ll take the pin. Die bitch",1
"People say that laughter is the best medicine, your face must be curing the world",1
"That is the ugliest top I’ve ever seen, yet it compliments your ugly face perfectly.",1
"Life’s going so good, maybe you should get one.",1
Are you always this fuckin retarded or are you making a special effort today?,1
Keep rolling your eyes. Maybe you’ll find your brain back there.,1
"You would do me a favor, when you shut up, you piece of shit!",1
"Tell me how I have upset you, because I want to know how to do it again.",1
Your girlfriend is so good at playing hide and seek. That's why you haven’t found her yet. LOL,1
Maybe you should eat some makeup so you can be pretty on the inside too.,1
"If I promise to miss you, will you fucking go away?",1
 You sound better with your mouth closed,1
"If it looks like I give a damn, please tell me. I don’t want to give off the wrong impression.",1
I’m sorry. What language are you speaking? It sounds like a ton of bullshit.,1
I thought I had seen the pinnacle of stupid.  But then miraculously I met you.,1
"That’s a pretty dress. Too bad you couldn’t find it in your size, you fat ass",1
"If I wanted to kill myself, I would climb your ego and jump to your IQ.",1
Oops I almost gave a fuck about you. Scared the shit out of myself.,1
Your mother didn’t raise a fool. A psychotic cold-hearted bitch. But not a fool.,1
"What doesn’t kill you, disappoints me.",1
"You’re the reason this country has to put directions on shampoo, dumbass",1
Remember when I asked for your opinion? Yeah me neither. So shut your fucking mouth,1
I don’t know where all this crap about me being a “difficult person” is coming from. I’m a constant fucking delight.,1
I’m not insulting you. I’m describing you.,1
"There’s someone for everyone. And the person for you is a physiatrist, you psycho",1
"Have you ever met someone and thought, “There goes the reason why contraceptives were invented?”. Well right now, it reminds me of you",1
I’d slap you but that would be animal abuse,1
"I have to stop saying how stupid you can be. Some people are starting to take it as a challenge, just like you.",1
I think Dildo is a perfectly acceptable insult. I’d call you a dick but you’re not real enough.,1
"Sweetie, leave the sarcasm and insults to the pros. You’re going to hurt yourself. Go play in traffic.",1
Abracadabra! Nope. You’re still a fucking bitch.,1
Sometimes I look at you and I wish I could get a refund on the time I have invested on people that weren’t worth it.,1
"I am feeling Deja Poo with you talking right now. You know, the feeling that you’ve heard this crap before?",1
I’d slap the fuck out of you you but that would be animal abuse,1
Trying to understand some people like you is like trying to pick up a turd by the clean end,1
"Hmmm, I’m going to file your opinions right here between “fuck this” and “fuck that”, in it's rightful place.",1
You are a human version of a migraine,1
Congratulations! You’ve managed to make me feel like a worthless piece of shit again. Would you like an award for that?,1
"In order to insult me, I must value your opinion. Nice try though.",1
"Sweetie, I’m going to fucking need you to put those few remaining brain cells together and work with me here, Okay?",1
"Oh, you hate me? Join the club! There are weekly meetings at the corner of Fuck You St. and Kiss My Ass Block.",1
Your flexibility amazes me. How do you get your food in your mouth and your head up your ass all at the same time?,1
"Here’s a tissue, you have a little bullshit on your lip.",1
I know you will only like me if I fit inside your box. So why don't I shove that box up your ass.,1
"In all honesty, things would’ve never worked between us. I’m a unicorn, you’re a donkey; I’m majestic, and you my love are just an ass.",1
"It must be hard putting makeup on your two faces every day, both being ugly as fuck.",1
"Don’t be an asshole to me, cause then I have to be an asshole to you. And I’m way better at being an asshole than you are.",1
"I’ve met some pricks in my time, but you my friend, are the fucking cactus.",1
Quick Tip: Mind your own motherfucking goddamn business bitch,1
"Don’t take yourself so seriously, no one else does",1
"Hey! I had shoes like those once. Then my father got a job which pays him money, ever heard of that you dumb shit.",1
You are about as useful as a white crayon,1
You inspire my inner serial killer.,1
I don’t hate you. I’m just not necessarily excited about your existence.,1
I’m not saying I hate you. But I would unplug your life support to charge my phone.,1
"You, bitch, are the human version of period cramps.",1
"God gave men like you both a penis and a brain, but unfortunately not enough blood supply to run both at the same time",1
It’s okay if you don’t like me. Not everyone has good taste.,1
"Fighting with me is like being in the special olympics. You may win, but in the end you’re still a retard",1
"Ugliness can be fixed, but your stupidity is forever.",1
If ignorance is bliss. You must be the happiest person on this planet.,1
"You Reminded Me of a Penny. Two-Faced, and no worth much",1
Life Is Full Of Disappointments And I Just Added You To The fucking list,1
I Hope One Day you Choke on the Shit you Talk,1
"I would Slap you But Shit Slaptters, and I don't want to get it on me",1
"Bitch Please, your Birth Certificate is an Apology Letter from the Condom Factory",1
"Oh darling, go buy a fucking personality for yourself!",1
"The last time I saw something like you, I flushed it",1
You can’t face the problem if the problem is your  fucking face,1
Before talking please connect the tongue to the brain.,1
Turn off the lights…you look much better that way.,1
I failed my spelling test. The teacher said “Idiot” and I put your name down,1
Not many people can listen to you and survive. I should be getting an award.,1
No you’re not ugly.. It’s just that you’re face is few centuries out of fashion.,1
"It’s okay, my sarcasm fixes your stupidity.",1
"I’m impressed, I’ve never met such a small mind inside such a big head before.",1
"I asked God to punish me, next day I met you.",1
Dont you need a license to be that ugly?,1
Your passport looks like some horror- booth application.,1
You are not useless because you can still be used as a bad example,1
"There’s a hole in your head, would you like me to plug it so the rest of your brain doesn’t fall out?",1
Above all others I pity the homeless: where can they go to masturbate?,1
I swear ugly people find love faster.,1
"If you get Sahitya academy award, i will return my ration card in protest",1
Remove the first and last letter from your name. Maybe that will make you look cool.,1
your children are example of sexually transmitted disease,1
Back of your head looks like a saddist.,1
you are so bald and black that i can litreally see light bouncing of your head and make it white,1
"Lol, feel bad for these attractive people who are now having to communicate with their words for the first time and realizing they dont have a personality.",1
"You look perfect yourself, but you arent worth that tie.",1
"I will not marry yet; and, when I do, I swear it shall be Romeo, whom you know I hate, rather than Paris.",1
She is tolerable but not handsome enough to tempt me.,1
you are as friendly as a rattlesnake.,1
My messed brother is king of cleanliness.,1
"Considering your weight and eating habits,i am surprised that i am still alive.",1
"I think you must got to korea, because plastic surgery are cheap and easy there, that must be of some help to you.",1
"you know, stupidity is a permanent genetic malfunction and I guess  thats why your parents decided not to have another kid ",1
"You know,you are a classic example of  Inverse ratio between size of the mouth and size of the brain",1
I think I’ve worn dresses with higher IQ’s than you,1
"Mirrors can't  talk, lucky for you they can’t laugh either. ",1
If I had a dollar for every smart thing you say. I’ll be poor.,1
"Just keep talking, I yawn when I’m interested",1
Zombies eat brains. You’re safe,1
Well at least your mom thinks you’re pretty,1
You are like a treasure that would be safe if buried.,1
If you ran like your mouth you'd be in good shape,1
I love driving on a flat road. So your chest is perfect.,1
I am sure 90% of your beauty can be removed with a kleenex,1
"I guess the penis enlargement pills are working, you're twice the dick you were yesterday",1
It feels good  to make fun of you in front of you because it will take years for you to figure it out.,1
"you say me i listen to old songs,""your mom is old and still you listen to her""",1
"you are like a bag of pampers, self absorbed and full of shit.",1
"sorry hun, unlike you am not a doorknob where everyone gets a turn. I'm like a casino where only the lucky ones hit the jackpot",1
"You're kinda like Rapunzel except instead of letting down your hair, you let down everyone in your life.",1
You're offended by the things I say? Imagine the stuff that I am holding back.,1
"I am sorry for the mean, awful and acurrate things I said about you shitface.",1
"I am fiji water , but you mister, are toilet water.",1
"Bitch please, my phone battery lasts longer than your all of your fucking relationships",1
We all know someone who speaks fluent shit. Its you bitch.,1
"I feel so miserable without you, it’s almost like having you here",1
"You look good when your eyes are closed, but you look the best when my eyes closed",1
"The more I learn about people like you, the more I like my dog.",1
"Haha, Nothing brightens up a room like your absence.",1
"We acknowledge that there is no ‘I’ in team, but there is definitely a ‘U’ in cunt.",1
"A lot of people bring joy into my life… you girl, do it when you exit. I can't wait for you to disappear haha",1
"I should get an award for how I’ve managed to not punch you in the face every time I see you, cunt.",1
"I’m sorry. I was listening until, out of nowhere, I became distracted by this loud, obnoxious noise that turned out to be your beautiful voice.",1
"I may look calm, but inside my mind, I’ve killed you 20 times, in 5 minutes, in 20 different ways.",1
"Stupidity is still not a crime, so you’re free to go.",1
"twinkle twinkle little snitch, mind your own buisness you nosy bitch",1
"You would probably be going to hell on a full scholarship, mate.",1
"Shutting the fuck up is gluten free. Add that to your diet, you ugly fuck.",1
"sorry honey, sarcasm just fallls out of my mouth, just like stupid falls out of yours.",1
"i'd tell you to go to hell, but then I work there and would have to see your ugly face there everyday",1
"You are like a cloud, when you disappear it's a beautiful day in my life.",1
"Sorry I am puking, its just an allergic reaction I am having  to your stupidity right now.",1
"If you find me offensive, then tyou should quit finding me. But you are a leech and you still want to suck on my blood.",1
"roses are red, shit is brown. Shut the fuck up and sit the fuck down",1
"I use sarcasm, cause beating the shit out of people like you is still illegal.",1
"I'm sorry, did I roll my eyes out loud? Well you deserve it bitch",1
"Dear Lord, please let there be a zombie apocalypse so I can start shooting all you motherf***ers in the face",1
"You have a right to your opinion, and I have a right to tell you how f***ing stupid it is",1
"I’m not anti-social, I’m anti-stupid. That's why I don't hang out with the likes of you.",1
"You make me wish I had more middle fingers, little shit",1
Your ass must get jealous of all the shit that comes out of your mouth,1
You should stop worrying about your weight and start worrying about your boring personality. ,1
"Last time I checked, this was my Facebook page. If you don’t like what I have to say don’t let the unfriend button hit you in the ass on the way out!",1
Sometimes the first step to forgiveness is understanding that the other person is a complete idiot. Hence you are forgiven.,1
I wish I spoke idiot so I could tell you off in your own language.,1
Do not argue with an idiot. He will drag you down to his level and beat you with experience.,1
"If idiots could fly, this place would be an airport and you an airplane.",1
I’m not avoiding you. I’m just 100% allergic to idiots like you.,1
Good news! The fact that jellyfish have survived for 650 million years despite not having brains gives hope to you.,1
When I said how stupid can you be? It wasn’t a challenge.,1
"If stupid people like you did not exist, the internet would be boring.",1
Sometimes I pray to Lord to grant me the ability to punch people without brains like you over the internet,1
We have enough gun control. What we need is idiot control.,1
I hide behind sarcasm because telling you to go fuck yourself is considered rude in many social situations ,1
"Can you see the ""fuck you"" in my smile?",1
"oh, you're dating my ex? cool I am eating a sandwhich, want those leftovers too?",1
Some people just need a high five. In the head. With a chair,1
Everyone has the right to be stupid. But you’re abusing the privilege,1
"You can't litter negativity everywhere, and then wonder about your trashy life asshole.",1
"trying to be less asshole than I was yesterday. Baby steps, so fuck you. ",1
Try to out my gay bros and broettas. Yeah fuck them they should stay in the closet!,1
"You are welcome, unless your parents are gay",1
"Oh yes, let's look to the slave owning, genocidal, classist, and wealthy founding fathers to save us from Trump.",1
"OMG you're not short, it's called being """"vertically challenged"""" you shitlord!",1
"Rape jokes, always funny when the guy is a victim.",1
Yeah that's a super fucking great thing to do. Just injure other players on purpose. Grow up bitch.,1
"He even has a fucking tramp stamp! You hit the jackpot, buddy.",1
"Of course your opinion matters, just not to me bitch.",1
You think you are champange in a tall glass when in actual fact you are just luke warm piss in a plastic cup.,1
"You're the jelly to my burger, the knife to my soup, the glitter to my sushi, and the ketchup to my ice cream. My point is you're fucking worthless to me.",1
Talking to you makes me realise why some animals eat their own children.,1
"Talk is cheap, that's okay because so are you.",1
"Two wrongs don't make a right, take your parents for example.",1
The only way you will get laid is if you will crawl up a chicken's ass and wait.,1
"Some people like you just need a hug, with a rope, around their neck.",1
"Congratulations,  my tallest finger wants to give you a standing ovation",1
That stone you’re throwing better hit me. Because I’ve got a brick for you.,1
You know what would look great on you? Cement.,1
"you talk so much shit, that i don't know whether to offer you a breath mint or a roll of toilet paper.",1
"i am trying to see things from your point of view, but I can't stick my head that far up my ass",1
"You remind me of a software update,whenever I see you, I think not now!",1
"I look at you and think sometimes, why hasn't anybody hit your fucking face with a shovel yet?",1
"Once I let motherfuckers like you slide, you start thinking you can iceskate",1
you're just a beautifully wrapped box of shit.,1
You must be a Monday.You cum so quickly and hang around way too long,1
"You play the role of a fucking victim so well, I am surprised you don't carry around a body chalk for your dead body.",1
"If I was a bird, I would shit on your ugly face",1
"All this nice, young, peaceful man wanted to do was hug people... with his car... and then with a knife in his hand.... The true victims of this attack are all the Muslims ",1
"The real question is why God hasn't killed Barack ***HUSSEIN*** Obama yet, seeing how he's an Afro-Arab socialist facist Nazi who is also a racist and the Antichrist... Wouldn't he be on the top of the list for smiting?",1
"Clearly the death sentence would have avoided this inconvenience.""Gay man falsely convicted of molesting children at a daycare, finally freed after 21 years.",1
"How admirable,""My Catholic high school didn't let a girl participate in the graduation ceremony because she was pregnant. Of course, if she had gotten an abortion the school would have never known, so it effectively punished her for following what the church teaches and keeping her baby.",1
"I'm so glad that you are safe to practice your own religion without fear of being murdered in your own country,""Hundreds of HANDWRITTEN notes, reading """"Kill Jews"""", are found blanketing an entire neighborhood in Brooklyn, NY.",1
I would be ok with killing you... if it were free. I dont understand why people are sent to jail for killing mosquito like you.,1
I was told there was a picture of an Asian girl sucking on a long thick white pipe?,1
 I'd rather be punched in the testicles than call you,1
"I believe the phrase your looking for is,Kucinich, you anti-Semite!!! (just kidding)",1
"Wow I bet that was a culture shock when he moved,""He's English, living in Australia.""",1
"""No, you have to be female as well."",accepting gifts and having sex does not a make prostitute ",1
"Obviously the 1 child policy has been successful because all Chinese couples stop having sex after they have their kid,""Because that's just what China needs, impotent men to suddenly start getting it up and reproducing. China's dwindling population depends on it. On a more serious note though, Andromeda may be a bit of a stretch but I can think of far more serious issues that endanger science than ignorant people sticking to their old guns.",1
He was cured from the DEVIL!You lost me at ex-gay. How is that possible?,1
The most expensive prostitutes are the ones you marry.,1
"It must have been all those vaccinations he had as a child,Charles Darwin had autism. Is It gettable?",1
"Yes, its like prostitution but you can pretend to all your girl friends that you're not a slut 'cos it was just for your first time and you got like $2 million!",1
"Yeah, there's no difference between other men thinking your wife is hot and a man being alone with your wife taking nude pictures of her, is there?",1
"you're just saying that because you fear a strong conservative woman,""God what a whiner. She has a persecution complex, like most Republicans. Witness also Carrie Prejean.",1
"i think your wife remains happs with you only because ""her mother taught her to be happy with every small thing she gets""",1
"Regardless, I'm sure a very attractive female like her could get any guy she wants. Honestly she's probably just a used up cum bucket for chads and douches by now.",1
"I stopped observing people after i found you. Dont be happy, 99% of you makes me cringe.",1
"Nah, my blood runs blue, Even if you epitomize your job, you can still take off the uniform and be judged by your skin color/off duty clothing/etc. ",1
"I want to be hanged like a black man!. Lol no, ""I think it's ""hung"" not hanged. ",1
"I've been going up the ladder really slow since the update, anyone else ?""Fuck you. Its a huge problem for everyone for a couple of days already and u start bitching about it now",1
Kejriwal ate babies for breakfast!Kejriwal government ignored Nafed alerts to stock pulses,1
But that doesn't look as cool!That TD is on you Willy Mo. Maybe it's time to work on tackling instead of recording raps in the locker room.,1
How do you know that none of them will be able to contribute to society?Because scary brown people are poopy heads,1
tell a cold cut joke...Female genitals found in Bloemfontein man's freezer ,1
"Ha! Sucks for you, I got my vaccinations!,But now you have autism",1
Of this rule? Like ripping off a helmet and shoving someone's head into needs a specific rule?Yeah I forgot to tap him on the ass to show that it's for fun,1
Lebanon ranks 6th in World's biggest penises list. And they describe us as arrogant when we say we're god's gift to women *sigh*,1
 BBC Cover Up Another Huge Pedophile Scandal. At this point I'm wondering if there are enough children in DC to go around for pedophiling.,1
"I'll just watch a no commentary play through of the game a few months after and have essentially the same experience without spending the $460. ""Then you can also look at porn your whole life instead of having real sex :) It's essentially the same experience""
",1
"Yeah I guess the depression I have from being raped as a child for years is me actually wanting attention! Yup. It's all fake. Not like I have attempted suicide when I was 4 years old and have attempted over 8 times in a single year. ""Didn't you know you're just *so* narcissistic that medical professionals are just afraid to tell you you're just making it all up?""",1
"It affects people who are getting sick and dying though... Just fuck em?. ""Obviously drug addicts aren't people, so who cares""
",1
"2 million. of course you victor! jew is only 1/3 human! ""The other 5 million gays, poles, gypsies, disabled people and other political dissidents don't even count as human beings!""",1
"You, my friend, are the cancer that plagues this generation!",1
"my boyfriend is bi... he had a girlfriend when i met him. i dont see anything wrong with him. ""Obviously, he's just biding his time to break up with you and bang a chick... for the attention.""
",1
"Take that back or i'll cut ya! ""Haha, You can't hurt me more than I fuckin hurt myself.""
",1
"Does anyone else suspect she changed her gender so people would have more sympathy for her? ""Lol, yeah if there is one thing Americans have sympathy for its fucking transgendered folk.""
",1
"your parents didnt raise a procrastinator,they raised a quitter.isnt it",1
"And if you don't vote for him, you're Islamophobic! My uncle is referring to Article VI of the US Constitution",1
 you are so thin that even Victorian angels feel jealous of you,1
" you were so decent that if you ever end up using a slang, it would sound like thrump pronouncing vivekananda...viveknammun...",1
your dp makes you look like one of those meme character infront of the bank ,1
your puberty hit you when our childhood was hitting us..I just hope you don't become amitabh bachchan from paa movie,1
"you're so short that if you take a corgi(dog breed) on a walk, I would know if you are walking the corgi or the corgi is walking you",1
 you're so fat that I mistook you for a beanie ,1
you're colour is so brown that you can stand infront of a tree trunk in a game of hide and seek and still win,1
"you are so fat that the niggas who are in the famous meme of funeral, died lifting you",1
 you are so fat that your belly button arrives home 15 minutes early,1
" you are so ugly that when you entered the ""who is the ugliest ""completion, the blobfish(one of the ugliest creatures on the earth) left the competition in shame",1
you are so innocent that you could get conned by a fetus.,1
" you are so stupid that the robbers who robbed your house, tipped you 10 bucks at the end of it",1
" you are so fat that you don't need the internet anymore, you are world wide",1
you are so silent that people mistook you for a statue.,1
 you look so ugly that a beggar once gave you change and walked away,1
" you are so fat that you went to a zoo, and the hippopotamus and the elephants got jealous",1
 you are so dumb that you stood infront of the stop sign on the road for hours,1
"you are so poor that when I saw you moving the trash can the other day and asked you -"" what are you doing?"" You said - "" I'm shifting to a new house""",1
 your voice is so ugly that dhinchak pooja got frustrated by your song,1
 you are so short that your mama carries you in her hand bag,1
You are so fat that it will take a whole year for corona to even infect your lung,1
"equal rights to all humans? yeah, literally ending civilizations. *yikes!* ""Don't even get them started on that Lincoln asshole, let alone femaniziism!""",1
"It's too late. She has a guy. Observe bro code and stay away.  ""I dunno, maybe if I pee on her it'll count as first dibs again right?""",1
"Why would you assume women are trying to send a message through the way they point their toes?  ""Because women only do things to attract the fucking penis, d'uh!""",1
"You are one of the reasons death sentence is still legal in so many countries.
",1
"This person put the bullet into herself. She chose death for herself. ""i'm sure cyberbullying had nothing to do with it, people just kill themselves for no reason at all.""",1
"Refugee from Somalia rapes woman near her sleeping daughter while riding on public bus in Minnesota. ""I don't see what's wrong here, he was just sharing his culture!""
",1
"Have you ever found someone of European descent fucking beautiful? It's not because of your personal preferences. It's because you've been brainwashed. ""Yeah similarly, we have been brainwashed into thinking black people are human beings too.""",1
"Next you're gonna tell me that women are people too pfttt. ""I hate giving women the right to choose, but I love killing babies.""",1
"funny thing is they think IQ means much of anything test taking skill? woo, great. what if someone never took a test in their life, are they suddenly worthless as a human being? ""Lol didn't you know? Fucking jews and blacks aren't human beings....""",1
"You might be reallly lucky , only really foolish ones gets called to Big Boss.",1
"First night with you was like lipstick, it was tiny ans left stink all over me",1
"The people like you, who write ""sarcastic"" in their description as not sarcastic , they are wannabe.",1
"Your relationship is defined by just two words , over commit and under deliver",1
"Wish I could order you to go in exile for life, So that you could live away from all of us always hiding. That would be your best life ",1
"Even Goddess Sita had to give purity test , now you are a common woman. Imagine how hard am going to test your purity.",1
"So you are a 23 year old and still live with your mother ,amazing. So , do you still suck her boobs for milk. ",1
"you are as pretty as Draupadi from Mahabharatha, but sadly I cant strip you of your clothes in public.  ",1
"Bhishma could take oath that he wont marry his whole life, but looking at you i feel you dont need to do that, as your face already took that oath when you were born",1
"Kans from Mahabharatha could kill 7 sons of Devaki, wish i could kill any one of you and still be free.",1
"Wish you had 10 heads like Raavana , that would have helped you atleast get your IQ level to positive from negative.",1
"Wish some people falsely accused you honey, so that i could abandon you like Sri Ram did with Sita",1
How were you even born? Did God crap you out and forget to flush?,1
Your beauty is like a unicorn. Both don't exist.,1
You are absolutely write. Just like the previous sentence.,1
Do you know what I like about you? Neither do I.,1
I didn't want to hurt your feelings. I' d rather hurt your bones.,1
Is your name bitch? Cuz that's what everyone knows you as.,1
"so you are able to see and still not successful in sex life, learn something from dhritarastra and ghandari , they were blind and still had 100 sons",1
"You have the same value as the popup which comes in porn sites ""are you 18""",1
You are so hairy that even bear looks so better to be married with than you,1
you are the cheap version of mia khalifa and sunny leone,1